state_abb,year,elxn_year,state_year_type,state_year_type2,grant_mil,state_incvote_avglast3
AK,1984,1,core + election,NA,51.71421904,0.63954186
AK,1985,0,core + nonelection,NA,51.14542569,0.6608231
AK,1986,0,core + nonelection,NA,47.33567345,0.6608231
AK,1987,0,core + nonelection,NA,47.85054185,0.6608231
AK,1988,1,core + election,NA,52.50243328,0.6608231
AK,1989,0,core + nonelection,NA,51.64335602,0.661728
AK,1990,0,core + nonelection,NA,53.69891975,0.661728
AK,1991,0,core + nonelection,NA,52.91966396,0.661728
AK,1992,1,core + election,NA,57.40787457,0.661728
AK,1993,0,NA,NA,59.99565661,0.37402168
AK,1994,0,NA,NA,59.30419496,0.37402168
AK,1995,0,NA,NA,57.98320992,0.37402168
AK,1996,1,NA,NA,53.7719339,0.37402168
AK,1997,0,NA,NA,57.5236102,0.40277973
AK,1998,0,NA,NA,60.50892225,0.40277973
AK,1999,0,NA,NA,83.59376203,0.40277973
AK,2000,1,NA,NA,90.95604378,0.40277973
AK,2001,0,core + nonelection,NA,101.5798316,0.6164657
AK,2002,0,core + nonelection,NA,132.3502325,0.6164657
AK,2003,0,core + nonelection,NA,119.0509815,0.6164657
AK,2004,1,core + election,NA,125.2973885,0.6164657
AK,2005,0,core + nonelection,NA,117.8100487,0.6386391
AK,2006,0,core + nonelection,NA,118.7789335,0.6386391
AK,2007,0,core + nonelection,NA,112.7384502,0.6386391
AK,2008,1,core + election,NA,97.18655281,0.6386391
AL,1984,1,core + election,NA,47.72257819,0.55980855
AL,1985,0,NA,NA,50.06757058,0.5175767
AL,1986,0,NA,NA,46.15015184,0.5175767
AL,1987,0,NA,NA,43.67232681,0.5175767
AL,1988,1,NA,NA,48.14436195,0.5175767
AL,1989,0,core + nonelection,NA,41.04322404,0.57228434
AL,1990,0,core + nonelection,NA,53.30340359,0.57228434
AL,1991,0,core + nonelection,NA,57.60605718,0.57228434
AL,1992,1,core + election,NA,65.85273918,0.57228434
AL,1993,0,NA,NA,73.50762205,0.41723302
AL,1994,0,NA,NA,76.33401633,0.41723302
AL,1995,0,NA,NA,79.32847468,0.41723302
AL,1996,1,NA,NA,75.62384857,0.41723302
AL,1997,0,NA,NA,78.81896676,0.44233143
AL,1998,0,NA,NA,82.94901388,0.44233143
AL,1999,0,NA,NA,89.60068027,0.44233143
AL,2000,1,NA,NA,93.10841732,0.44233143
AL,2001,0,core + nonelection,NA,98.26878799,0.55046844
AL,2002,0,core + nonelection,NA,108.3917862,0.55046844
AL,2003,0,core + nonelection,NA,110.8275004,0.55046844
AL,2004,1,core + election,NA,113.1806429,0.55046844
AL,2005,0,core + nonelection,NA,116.5746017,0.5807239
AL,2006,0,core + nonelection,NA,115.8493047,0.5807239
AL,2007,0,core + nonelection,NA,116.6604136,0.5807239
AL,2008,1,core + election,NA,104.2201926,0.5807239
AR,1984,1,NA,NA,25.54633744,0.51481026
AR,1985,0,NA,NA,25.58558143,0.48841485
AR,1986,0,NA,NA,25.96487896,0.48841485
AR,1987,0,NA,NA,22.82150155,0.48841485
AR,1988,1,NA,NA,23.60867698,0.48841485
AR,1989,0,core + nonelection,NA,24.41379915,0.5624631
AR,1990,0,core + nonelection,NA,28.07951247,0.5624631
AR,1991,0,core + nonelection,NA,30.05330852,0.5624631
AR,1992,1,core + election,NA,34.6865606,0.5624631
AR,1993,0,NA,NA,39.45326664,0.47191012
AR,1994,0,NA,NA,40.3790344,0.47191012
AR,1995,0,NA,NA,40.94186475,0.47191012
AR,1996,1,NA,NA,41.45629646,0.47191012
AR,1997,0,NA,NA,42.5095102,0.5405115
AR,1998,0,NA,NA,44.4249489,0.5405115
AR,1999,0,NA,NA,46.35120161,0.5405115
AR,2000,1,NA,NA,49.79852567,0.5405115
AR,2001,0,NA,NA,58.98042522,0.444852
AR,2002,0,NA,NA,63.3031469,0.444852
AR,2003,0,NA,NA,68.20283452,0.444852
AR,2004,1,NA,NA,68.79757378,0.444852
AR,2005,0,NA,NA,65.74444495,0.49461204
AR,2006,0,NA,NA,64.38160536,0.49461204
AR,2007,0,NA,NA,69.50091322,0.49461204
AR,2008,1,NA,NA,65.62480035,0.49461204
AZ,1984,1,core + election,NA,148.1200511,0.64603263
AZ,1985,0,core + nonelection,NA,134.8868933,0.6464737
AZ,1986,0,core + nonelection,NA,146.0625906,0.6464737
AZ,1987,0,core + nonelection,NA,120.5022734,0.6464737
AZ,1988,1,core + election,NA,135.107649,0.6464737
AZ,1989,0,core + nonelection,NA,143.7604185,0.65357435
AZ,1990,0,core + nonelection,NA,187.1243823,0.65357435
AZ,1991,0,core + nonelection,NA,197.7112673,0.65357435
AZ,1992,1,core + election,NA,248.7960042,0.65357435
AZ,1993,0,NA,NA,301.2994518,0.40279293
AZ,1994,0,NA,NA,300.6532419,0.40279293
AZ,1995,0,NA,NA,335.3671495,0.40279293
AZ,1996,1,NA,NA,310.6652396,0.40279293
AZ,1997,0,swing + nonelection,NA,325.1799577,0.46392792
AZ,1998,0,swing + nonelection,NA,358.2217384,0.46392792
AZ,1999,0,swing + nonelection,NA,379.044281,0.46392792
AZ,2000,1,swing + election year,"swing state
(successor election year)",391.4189071,0.46392792
AZ,2001,0,swing + nonelection,NA,432.1728121,0.51120245
AZ,2002,0,swing + nonelection,NA,513.6780452,0.51120245
AZ,2003,0,swing + nonelection,NA,543.2220065,0.51120245
AZ,2004,1,swing + election year,"swing state
(incumbent re-election year)",612.3337901,0.51120245
AZ,2005,0,swing + nonelection,NA,610.0389622,0.5244461
AZ,2006,0,swing + nonelection,NA,606.4357656,0.5244461
AZ,2007,0,swing + nonelection,NA,633.0565851,0.5244461
AZ,2008,1,swing + election year,"swing state
(successor election year)",670.6190395,0.5244461
CA,1984,1,core + election,NA,376.4257745,0.55786633
CA,1985,0,core + nonelection,NA,392.1309431,0.5620443
CA,1986,0,core + nonelection,NA,409.8656701,0.5620443
CA,1987,0,core + nonelection,NA,379.8248286,0.5620443
CA,1988,1,core + election,NA,399.9628896,0.5620443
CA,1989,0,core + nonelection,NA,367.6379721,0.5650093
CA,1990,0,core + nonelection,NA,453.3583122,0.5650093
CA,1991,0,core + nonelection,NA,475.0066248,0.5650093
CA,1992,1,core + election,NA,562.128359,0.5650093
CA,1993,0,NA,NA,689.7279026,0.4949496
CA,1994,0,NA,NA,761.1587827,0.4949496
CA,1995,0,NA,NA,782.3805038,0.4949496
CA,1996,1,NA,NA,746.3010769,0.4949496
CA,1997,0,NA,NA,789.0542849,0.54641896
CA,1998,0,NA,NA,794.3279354,0.54641896
CA,1999,0,NA,NA,870.0899047,0.54641896
CA,2000,1,NA,NA,865.8465674,0.54641896
CA,2001,0,NA,NA,910.7505799,0.42688003
CA,2002,0,NA,NA,959.1373368,0.42688003
CA,2003,0,NA,NA,999.2915858,0.42688003
CA,2004,1,NA,NA,1029.428971,0.42688003
CA,2005,0,NA,NA,1014.945671,0.43846473
CA,2006,0,NA,NA,985.8182549,0.43846473
CA,2007,0,NA,NA,1013.796859,0.43846473
CA,2008,1,NA,NA,1390.038995,0.43846473
CO,1984,1,core + election,NA,38.1742711,0.61425936
CO,1985,0,core + nonelection,NA,37.26544932,0.6141124
CO,1986,0,core + nonelection,NA,36.17546373,0.6141124
CO,1987,0,core + nonelection,NA,36.35963879,0.6141124
CO,1988,1,core + election,NA,38.37854328,0.6141124
CO,1989,0,core + nonelection,NA,41.62603077,0.6075076
CO,1990,0,core + nonelection,NA,44.21914888,0.6075076
CO,1991,0,core + nonelection,NA,48.76663659,0.6075076
CO,1992,1,core + election,NA,52.41792015,0.6075076
CO,1993,0,NA,NA,62.81705959,0.44827464
CO,1994,0,NA,NA,60.28735266,0.44827464
CO,1995,0,NA,NA,60.26034756,0.44827464
CO,1996,1,NA,NA,59.7745401,0.44827464
CO,1997,0,swing + nonelection,NA,61.36757789,0.4936301
CO,1998,0,swing + nonelection,NA,65.48632112,0.4936301
CO,1999,0,swing + nonelection,NA,71.31010126,0.4936301
CO,2000,1,swing + election year,"swing state
(successor election year)",75.22437733,0.4936301
CO,2001,0,swing + nonelection,NA,78.67161677,0.50814325
CO,2002,0,swing + nonelection,NA,84.31122352,0.50814325
CO,2003,0,swing + nonelection,NA,91.9089623,0.50814325
CO,2004,1,swing + election year,"swing state
(incumbent re-election year)",95.65857687,0.50814325
CO,2005,0,swing + nonelection,NA,89.61264282,0.5253709
CO,2006,0,swing + nonelection,NA,95.13778419,0.5253709
CO,2007,0,swing + nonelection,NA,96.11104427,0.5253709
CO,2008,1,swing + election year,"swing state
(successor election year)",96.77686955,0.5253709
CT,1984,1,core + election,NA,357.166886,0.55836314
CT,1985,0,core + nonelection,NA,366.1042667,0.56388795
CT,1986,0,core + nonelection,NA,352.1454985,0.56388795
CT,1987,0,core + nonelection,NA,357.8669273,0.56388795
CT,1988,1,core + election,NA,385.1655783,0.56388795
CT,1989,0,core + nonelection,NA,361.7486014,0.5637917
CT,1990,0,core + nonelection,NA,422.8814207,0.5637917
CT,1991,0,core + nonelection,NA,487.6498366,0.5637917
CT,1992,1,core + election,NA,510.3733472,0.5637917
CT,1993,0,NA,NA,604.2877938,0.46848267
CT,1994,0,NA,NA,614.8133361,0.46848267
CT,1995,0,NA,NA,628.6461443,0.46848267
CT,1996,1,NA,NA,642.6468322,0.46848267
CT,1997,0,NA,NA,630.7243998,0.53969157
CT,1998,0,NA,NA,655.6631494,0.53969157
CT,1999,0,NA,NA,671.219853,0.53969157
CT,2000,1,NA,NA,705.1909438,0.53969157
CT,2001,0,NA,NA,730.1040495,0.4208524
CT,2002,0,NA,NA,760.6535755,0.4208524
CT,2003,0,NA,NA,757.033977,0.4208524
CT,2004,1,NA,NA,750.7910143,0.4208524
CT,2005,0,NA,NA,731.8683771,0.41701964
CT,2006,0,NA,NA,703.3712832,0.41701964
CT,2007,0,NA,NA,734.6118625,0.41701964
CT,2008,1,NA,NA,903.3485545,0.41701964
DC,NA,0,NA,NA,NA,NA
DE,1984,1,swing + election year,"swing state
(incumbent re-election year)",196.8255511,0.52951014
DE,1985,0,swing + nonelection,NA,174.5335129,0.52824813
DE,1986,0,swing + nonelection,NA,178.8642384,0.52824813
DE,1987,0,swing + nonelection,NA,160.3918689,0.52824813
DE,1988,1,swing + election year,"swing state
(successor election year)",165.9119024,0.52824813
DE,1989,0,core + nonelection,NA,174.6953971,0.5582055
DE,1990,0,core + nonelection,NA,190.9567893,0.5582055
DE,1991,0,core + nonelection,NA,201.0526394,0.5582055
DE,1992,1,core + election,NA,230.1492657,0.5582055
DE,1993,0,NA,NA,268.3899828,0.46334377
DE,1994,0,NA,NA,280.3627437,0.46334377
DE,1995,0,NA,NA,310.2167639,0.46334377
DE,1996,1,NA,NA,331.5317625,0.46334377
DE,1997,0,NA,NA,315.3381525,0.5252682
DE,1998,0,NA,NA,318.1299428,0.5252682
DE,1999,0,NA,NA,376.6413165,0.5252682
DE,2000,1,NA,NA,380.2756217,0.5252682
DE,2001,0,NA,NA,387.732611,0.43146095
DE,2002,0,NA,NA,429.8636569,0.43146095
DE,2003,0,NA,NA,438.9510661,0.43146095
DE,2004,1,NA,NA,445.6478488,0.43146095
DE,2005,0,NA,NA,438.8693866,0.4360159
DE,2006,0,NA,NA,463.8267749,0.4360159
DE,2007,0,NA,NA,469.6700652,0.4360159
DE,2008,1,NA,NA,456.7401057,0.4360159
FL,1984,1,core + election,NA,88.31923752,0.5949733
FL,1985,0,core + nonelection,NA,88.52805845,0.57234323
FL,1986,0,core + nonelection,NA,90.36568479,0.57234323
FL,1987,0,core + nonelection,NA,79.46924348,0.57234323
FL,1988,1,core + election,NA,85.85533543,0.57234323
FL,1989,0,core + nonelection,NA,94.01814553,0.6187841
FL,1990,0,core + nonelection,NA,107.2816407,0.6187841
FL,1991,0,core + nonelection,NA,123.6235488,0.6187841
FL,1992,1,core + election,NA,141.3910733,0.6187841
FL,1993,0,NA,NA,190.8769765,0.40743577
FL,1994,0,NA,NA,183.0786855,0.40743577
FL,1995,0,NA,NA,200.8945292,0.40743577
FL,1996,1,NA,NA,194.0191788,0.40743577
FL,1997,0,NA,NA,199.227248,0.46906036
FL,1998,0,NA,NA,212.3760102,0.46906036
FL,1999,0,NA,NA,223.8068592,0.46906036
FL,2000,1,NA,NA,244.3156016,0.46906036
FL,2001,0,swing + nonelection,NA,260.9645968,0.4934481
FL,2002,0,swing + nonelection,NA,279.1948493,0.4934481
FL,2003,0,swing + nonelection,NA,291.4884346,0.4934481
FL,2004,1,swing + election year,"swing state
(incumbent re-election year)",320.7906697,0.4934481
FL,2005,0,swing + nonelection,NA,358.6734251,0.4979111
FL,2006,0,swing + nonelection,NA,348.4301262,0.4979111
FL,2007,0,swing + nonelection,NA,324.5712827,0.4979111
FL,2008,1,swing + election year,"swing state
(successor election year)",294.6349814,0.4979111
GA,1984,1,NA,NA,28.6315752,0.5022699
GA,1985,0,NA,NA,28.56651153,0.4520107
GA,1986,0,NA,NA,28.45190148,0.4520107
GA,1987,0,NA,NA,27.10585095,0.4520107
GA,1988,1,NA,NA,30.08212708,0.4520107
GA,1989,0,NA,NA,27.79468624,0.54248375
GA,1990,0,NA,NA,32.81547105,0.54248375
GA,1991,0,NA,NA,37.22228259,0.54248375
GA,1992,1,NA,NA,41.26326504,0.54248375
GA,1993,0,NA,NA,46.7765724,0.43313563
GA,1994,0,NA,NA,50.15463514,0.43313563
GA,1995,0,NA,NA,53.74657516,0.43313563
GA,1996,1,NA,NA,48.9421354,0.43313563
GA,1997,0,swing + nonelection,NA,51.90567878,0.4650208
GA,1998,0,swing + nonelection,NA,53.3800848,0.4650208
GA,1999,0,swing + nonelection,NA,55.85932114,0.4650208
GA,2000,1,swing + election year,"swing state
(successor election year)",63.01760283,0.4650208
GA,2001,0,swing + nonelection,NA,63.15229932,0.520913
GA,2002,0,swing + nonelection,NA,75.3389599,0.520913
GA,2003,0,swing + nonelection,NA,73.69769581,0.520913
GA,2004,1,swing + election year,"swing state
(incumbent re-election year)",80.41580982,0.520913
GA,2005,0,swing + nonelection,NA,74.00713861,0.5499008
GA,2006,0,swing + nonelection,NA,76.93524995,0.5499008
GA,2007,0,swing + nonelection,NA,79.27118784,0.5499008
GA,2008,1,swing + election year,"swing state
(successor election year)",89.28458778,0.5499008
HI,1984,1,swing + election year,"swing state
(incumbent re-election year)",195.8124084,0.53370833
HI,1985,0,swing + nonelection,NA,219.8827157,0.5111234
HI,1986,0,swing + nonelection,NA,217.9435922,0.5111234
HI,1987,0,swing + nonelection,NA,232.5665145,0.5111234
HI,1988,1,swing + election year,"swing state
(successor election year)",257.3963015,0.5111234
HI,1989,0,swing + nonelection,NA,280.8706414,0.49937797
HI,1990,0,swing + nonelection,NA,309.192877,0.49937797
HI,1991,0,swing + nonelection,NA,293.5544681,0.49937797
HI,1992,1,swing + election year,"swing state
(incumbent re-election year)",352.6561418,0.49937797
HI,1993,0,NA,NA,491.4329082,0.5194084
HI,1994,0,NA,NA,448.2158368,0.5194084
HI,1995,0,NA,NA,397.0884206,0.5194084
HI,1996,1,NA,NA,395.6259258,0.5194084
HI,1997,0,core + nonelection,NA,397.1223311,0.586008
HI,1998,0,core + nonelection,NA,410.9655728,0.586008
HI,1999,0,core + nonelection,NA,440.7493358,0.586008
HI,2000,1,core + election,NA,358.5600217,0.586008
HI,2001,0,NA,NA,378.1313722,0.39725524
HI,2002,0,NA,NA,412.253989,0.39725524
HI,2003,0,NA,NA,415.9678921,0.39725524
HI,2004,1,NA,NA,456.0742825,0.39725524
HI,2005,0,NA,NA,442.897997,0.4049737
HI,2006,0,NA,NA,466.8014716,0.4049737
HI,2007,0,NA,NA,489.137311,0.4049737
HI,2008,1,NA,NA,429.7337278,0.4049737
IA,1984,1,core + election,NA,22.89211401,0.55437255
IA,1985,0,swing + nonelection,NA,21.50236455,0.537677
IA,1986,0,swing + nonelection,NA,20.63730682,0.537677
IA,1987,0,swing + nonelection,NA,26.72956187,0.537677
IA,1988,1,swing + election year,"swing state
(successor election year)",20.26127679,0.537677
IA,1989,0,NA,NA,19.88298203,0.51879495
IA,1990,0,NA,NA,22.31949111,0.51879495
IA,1991,0,NA,NA,23.98939915,0.51879495
IA,1992,1,NA,NA,26.12136094,0.51879495
IA,1993,0,swing + nonelection,NA,29.61914257,0.51719064
IA,1994,0,swing + nonelection,NA,33.82551059,0.51719064
IA,1995,0,swing + nonelection,NA,31.00200557,0.51719064
IA,1996,1,swing + election year,"swing state
(incumbent re-election year)",28.87139951,0.51719064
IA,1997,0,swing + nonelection,NA,29.5773623,0.54871464
IA,1998,0,swing + nonelection,NA,32.91959396,0.54871464
IA,1999,0,swing + nonelection,NA,34.47977292,0.54871464
IA,2000,1,swing + election year,"swing state
(successor election year)",36.41336185,0.54871464
IA,2001,0,swing + nonelection,NA,39.32138739,0.46790433
IA,2002,0,swing + nonelection,NA,47.02534934,0.46790433
IA,2003,0,swing + nonelection,NA,44.32060272,0.46790433
IA,2004,1,swing + election year,"swing state
(incumbent re-election year)",43.41520653,0.46790433
IA,2005,0,swing + nonelection,NA,42.66878221,0.48146838
IA,2006,0,swing + nonelection,NA,40.55404533,0.48146838
IA,2007,0,swing + nonelection,NA,42.6612388,0.48146838
IA,2008,1,swing + election year,"swing state
(successor election year)",49.39446386,0.48146838
ID,1984,1,core + election,NA,18.0805565,0.6846714
ID,1985,0,core + nonelection,NA,18.28547531,0.6917393
ID,1986,0,core + nonelection,NA,18.66265088,0.6917393
ID,1987,0,core + nonelection,NA,16.32206512,0.6917393
ID,1988,1,core + election,NA,20.19892514,0.6917393
ID,1989,0,core + nonelection,NA,19.2409755,0.69692206
ID,1990,0,core + nonelection,NA,17.86562433,0.69692206
ID,1991,0,core + nonelection,NA,20.27576606,0.69692206
ID,1992,1,core + election,NA,22.50799447,0.69692206
ID,1993,0,NA,NA,25.1427591,0.34591708
ID,1994,0,NA,NA,26.78242936,0.34591708
ID,1995,0,NA,NA,27.53544368,0.34591708
ID,1996,1,NA,NA,27.9539862,0.34591708
ID,1997,0,NA,NA,28.4794744,0.38750556
ID,1998,0,NA,NA,32.78418539,0.38750556
ID,1999,0,NA,NA,34.28778354,0.38750556
ID,2000,1,NA,NA,36.20136479,0.38750556
ID,2001,0,core + nonelection,NA,41.8044187,0.6376967
ID,2002,0,core + nonelection,NA,47.25247976,0.6376967
ID,2003,0,core + nonelection,NA,45.78427599,0.6376967
ID,2004,1,core + election,NA,47.98782764,0.6376967
ID,2005,0,core + nonelection,NA,49.51384291,0.66990083
ID,2006,0,core + nonelection,NA,46.20026908,0.66990083
ID,2007,0,core + nonelection,NA,50.5678881,0.66990083
ID,2008,1,core + election,NA,45.97371739,0.66990083
IL,1984,1,swing + election year,"swing state
(incumbent re-election year)",93.06444676,0.5488154
IL,1985,0,swing + nonelection,NA,91.92773062,0.53938586
IL,1986,0,swing + nonelection,NA,76.47263988,0.53938586
IL,1987,0,swing + nonelection,NA,68.27849857,0.53938586
IL,1988,1,swing + election year,"swing state
(successor election year)",75.68296822,0.53938586
IL,1989,0,swing + nonelection,NA,65.53944354,0.53954065
IL,1990,0,swing + nonelection,NA,81.51510253,0.53954065
IL,1991,0,swing + nonelection,NA,84.69998641,0.53954065
IL,1992,1,swing + election year,"swing state
(incumbent re-election year)",98.47048185,0.53954065
IL,1993,0,NA,NA,120.7946321,0.5035523
IL,1994,0,NA,NA,125.7970354,0.5035523
IL,1995,0,NA,NA,133.7172484,0.5035523
IL,1996,1,NA,NA,131.330502,0.5035523
IL,1997,0,core + nonelection,NA,130.7437547,0.5571468
IL,1998,0,core + nonelection,NA,134.7366389,0.5571468
IL,1999,0,core + nonelection,NA,138.7214588,0.5571468
IL,2000,1,core + election,NA,148.2723291,0.5571468
IL,2001,0,NA,NA,152.4977774,0.4187556
IL,2002,0,NA,NA,165.3601192,0.4187556
IL,2003,0,NA,NA,169.6057417,0.4187556
IL,2004,1,NA,NA,173.7783265,0.4187556
IL,2005,0,NA,NA,168.6892225,0.43002087
IL,2006,0,NA,NA,158.9914375,0.43002087
IL,2007,0,NA,NA,174.8324152,0.43002087
IL,2008,1,NA,NA,213.2926915,0.43002087
IN,1984,1,core + election,NA,40.55571883,0.6004127
IN,1985,0,core + nonelection,NA,41.39248621,0.5857318
IN,1986,0,core + nonelection,NA,37.92401415,0.5857318
IN,1987,0,core + nonelection,NA,33.85927472,0.5857318
IN,1988,1,core + election,NA,36.8065035,0.5857318
IN,1989,0,core + nonelection,NA,35.73798693,0.60665584
IN,1990,0,core + nonelection,NA,42.23374933,0.60665584
IN,1991,0,core + nonelection,NA,47.26405793,0.60665584
IN,1992,1,core + election,NA,53.00362018,0.60665584
IN,1993,0,NA,NA,66.85507193,0.41321895
IN,1994,0,NA,NA,61.87371529,0.41321895
IN,1995,0,NA,NA,57.39914834,0.41321895
IN,1996,1,NA,NA,57.0089016,0.41321895
IN,1997,0,NA,NA,60.27802406,0.44296902
IN,1998,0,NA,NA,61.04228582,0.44296902
IN,1999,0,NA,NA,67.55348324,0.44296902
IN,2000,1,NA,NA,76.57731306,0.44296902
IN,2001,0,swing + nonelection,NA,82.04696305,0.54996026
IN,2002,0,swing + nonelection,NA,85.53042734,0.54996026
IN,2003,0,swing + nonelection,NA,86.77477048,0.54996026
IN,2004,1,swing + election year,"swing state
(incumbent re-election year)",84.98428945,0.54996026
IN,2005,0,core + nonelection,NA,91.1170019,0.57192224
IN,2006,0,core + nonelection,NA,89.04197239,0.57192224
IN,2007,0,core + nonelection,NA,95.75491248,0.57192224
IN,2008,1,core + election,NA,91.87046363,0.57192224
KS,1984,1,core + election,NA,17.15070552,0.6232836
KS,1985,0,core + nonelection,NA,15.58202897,0.6146017
KS,1986,0,core + nonelection,NA,14.64327904,0.6146017
KS,1987,0,core + nonelection,NA,13.60012139,0.6146017
KS,1988,1,core + election,NA,13.3255567,0.6146017
KS,1989,0,core + nonelection,NA,13.31176947,0.62410825
KS,1990,0,core + nonelection,NA,15.93152052,0.62410825
KS,1991,0,core + nonelection,NA,17.75420352,0.62410825
KS,1992,1,core + election,NA,21.60972033,0.62410825
KS,1993,0,NA,NA,24.58593239,0.40900657
KS,1994,0,NA,NA,24.67432247,0.40900657
KS,1995,0,NA,NA,23.72176536,0.40900657
KS,1996,1,NA,NA,23.10887624,0.40900657
KS,1997,0,NA,NA,24.64941316,0.43219692
KS,1998,0,NA,NA,24.51642288,0.43219692
KS,1999,0,NA,NA,26.90473325,0.43219692
KS,2000,1,NA,NA,28.30051285,0.43219692
KS,2001,0,core + nonelection,NA,31.71345343,0.58176774
KS,2002,0,core + nonelection,NA,34.93835799,0.58176774
KS,2003,0,core + nonelection,NA,35.47334669,0.58176774
KS,2004,1,core + election,NA,34.36939525,0.58176774
KS,2005,0,core + nonelection,NA,35.5367063,0.6128546
KS,2006,0,core + nonelection,NA,31.9006169,0.6128546
KS,2007,0,core + nonelection,NA,35.17011968,0.6128546
KS,2008,1,core + election,NA,39.00980597,0.6128546
KY,1984,1,NA,NA,27.35288331,0.53889984
KY,1985,0,swing + nonelection,NA,25.40968429,0.5249754
KY,1986,0,swing + nonelection,NA,23.29176647,0.5249754
KY,1987,0,swing + nonelection,NA,21.59167917,0.5249754
KY,1988,1,swing + election year,"swing state
(successor election year)",22.35896506,0.5249754
KY,1989,0,core + nonelection,NA,23.31954229,0.55666804
KY,1990,0,core + nonelection,NA,27.7762748,0.55666804
KY,1991,0,core + nonelection,NA,32.39822514,0.55666804
KY,1992,1,core + election,NA,37.4796141,0.55666804
KY,1993,0,NA,NA,39.28423195,0.45207208
KY,1994,0,NA,NA,38.57227467,0.45207208
KY,1995,0,NA,NA,41.33020825,0.45207208
KY,1996,1,NA,NA,40.30901466,0.45207208
KY,1997,0,swing + nonelection,NA,44.05655483,0.4884802
KY,1998,0,swing + nonelection,NA,47.35155875,0.4884802
KY,1999,0,swing + nonelection,NA,48.14996249,0.4884802
KY,2000,1,swing + election year,"swing state
(successor election year)",51.16572556,0.4884802
KY,2001,0,swing + nonelection,NA,53.66301683,0.51776654
KY,2002,0,swing + nonelection,NA,61.07746212,0.51776654
KY,2003,0,swing + nonelection,NA,61.87183621,0.51776654
KY,2004,1,swing + election year,"swing state
(incumbent re-election year)",61.36777848,0.51776654
KY,2005,0,core + nonelection,NA,58.84761352,0.5573545
KY,2006,0,core + nonelection,NA,59.58657028,0.5573545
KY,2007,0,core + nonelection,NA,58.20268603,0.5573545
KY,2008,1,core + election,NA,67.2735352,0.5573545
LA,1984,1,core + election,NA,60.54278776,0.5652763
LA,1985,0,NA,NA,60.23859371,0.5375682
LA,1986,0,NA,NA,60.79819886,0.5375682
LA,1987,0,NA,NA,52.89327775,0.5375682
LA,1988,1,NA,NA,54.74391349,0.5375682
LA,1989,0,core + nonelection,NA,61.06356695,0.5647378
LA,1990,0,core + nonelection,NA,70.30125368,0.5647378
LA,1991,0,core + nonelection,NA,84.53152841,0.5647378
LA,1992,1,core + election,NA,104.6270576,0.5647378
LA,1993,0,NA,NA,124.2674071,0.45351562
LA,1994,0,NA,NA,123.7559231,0.45351562
LA,1995,0,NA,NA,124.1021821,0.45351562
LA,1996,1,NA,NA,104.3101618,0.45351562
LA,1997,0,swing + nonelection,NA,107.1427591,0.51344895
LA,1998,0,swing + nonelection,NA,99.79286753,0.51344895
LA,1999,0,swing + nonelection,NA,108.0010202,0.51344895
LA,2000,1,swing + election year,"swing state
(successor election year)",108.9850534,0.51344895
LA,2001,0,swing + nonelection,NA,121.0819902,0.48237756
LA,2002,0,swing + nonelection,NA,133.2008842,0.48237756
LA,2003,0,swing + nonelection,NA,136.8277608,0.48237756
LA,2004,1,swing + election year,"swing state
(incumbent re-election year)",131.4769173,0.48237756
LA,2005,0,NA,NA,190.474611,0.51569784
LA,2006,0,NA,NA,377.4328043,0.51569784
LA,2007,0,NA,NA,235.3183168,0.51569784
LA,2008,1,NA,NA,188.589378,0.51569784
MA,1984,1,swing + election year,"swing state
(incumbent re-election year)",450.2794838,0.45822307
MA,1985,0,swing + nonelection,NA,467.5712061,0.4779146
MA,1986,0,swing + nonelection,NA,451.5500476,0.4779146
MA,1987,0,swing + nonelection,NA,443.6539419,0.4779146
MA,1988,1,swing + election year,"swing state
(successor election year)",489.0065534,0.4779146
MA,1989,0,swing + nonelection,NA,465.5169258,0.4916892
MA,1990,0,swing + nonelection,NA,571.8207387,0.4916892
MA,1991,0,swing + nonelection,NA,704.9604332,0.4916892
MA,1992,1,swing + election year,"swing state
(incumbent re-election year)",691.5530465,0.4916892
MA,1993,0,NA,NA,824.7846071,0.54892087
MA,1994,0,NA,NA,847.7601847,0.54892087
MA,1995,0,NA,NA,843.9439756,0.54892087
MA,1996,1,NA,NA,803.4626453,0.54892087
MA,1997,0,core + nonelection,NA,810.0701272,0.6157147
MA,1998,0,core + nonelection,NA,848.0670043,0.6157147
MA,1999,0,core + nonelection,NA,913.2864996,0.6157147
MA,2000,1,core + election,NA,948.96902,0.6157147
MA,2001,0,NA,NA,963.413663,0.34826156
MA,2002,0,NA,NA,1030.534206,0.34826156
MA,2003,0,NA,NA,1090.360468,0.34826156
MA,2004,1,NA,NA,1092.8985,0.34826156
MA,2005,0,NA,NA,1062.426328,0.3460932
MA,2006,0,NA,NA,985.7806834,0.3460932
MA,2007,0,NA,NA,1058.703514,0.3460932
MA,2008,1,NA,NA,1440.214427,0.3460932
MD,1984,1,NA,NA,159.9414547,0.52487224
MD,1985,0,swing + nonelection,NA,168.0286495,0.49367657
MD,1986,0,swing + nonelection,NA,171.2993015,0.49367657
MD,1987,0,swing + nonelection,NA,169.0282222,0.49367657
MD,1988,1,swing + election year,"swing state
(successor election year)",178.2864388,0.49367657
MD,1989,0,swing + nonelection,NA,171.4808378,0.50867605
MD,1990,0,swing + nonelection,NA,195.9465836,0.50867605
MD,1991,0,swing + nonelection,NA,207.9471667,0.50867605
MD,1992,1,swing + election year,"swing state
(incumbent re-election year)",215.6150511,0.50867605
MD,1993,0,swing + nonelection,NA,257.198523,0.51359314
MD,1994,0,swing + nonelection,NA,270.4264915,0.51359314
MD,1995,0,swing + nonelection,NA,280.4778592,0.51359314
MD,1996,1,swing + election year,"swing state
(incumbent re-election year)",262.5438854,0.51359314
MD,1997,0,core + nonelection,NA,279.4980456,0.55157965
MD,1998,0,core + nonelection,NA,297.0841643,0.55157965
MD,1999,0,core + nonelection,NA,327.5585806,0.55157965
MD,2000,1,core + election,NA,390.641476,0.55157965
MD,2001,0,NA,NA,413.7530515,0.41530284
MD,2002,0,NA,NA,436.0097942,0.41530284
MD,2003,0,NA,NA,402.8741883,0.41530284
MD,2004,1,NA,NA,400.554166,0.41530284
MD,2005,0,NA,NA,379.9268917,0.4210839
MD,2006,0,NA,NA,379.5270685,0.4210839
MD,2007,0,NA,NA,389.1433036,0.4210839
MD,2008,1,NA,NA,422.1661323,0.4210839
ME,1984,1,swing + election year,"swing state
(incumbent re-election year)",75.18428148,0.5461173
ME,1985,0,swing + nonelection,NA,76.74588169,0.54469925
ME,1986,0,swing + nonelection,NA,74.60045034,0.54469925
ME,1987,0,swing + nonelection,NA,71.31385245,0.54469925
ME,1988,1,swing + election year,"swing state
(successor election year)",73.04905373,0.54469925
ME,1989,0,core + nonelection,NA,70.92328222,0.56249875
ME,1990,0,core + nonelection,NA,80.72049142,0.56249875
ME,1991,0,core + nonelection,NA,92.96789244,0.56249875
ME,1992,1,core + election,NA,100.6198991,0.56249875
ME,1993,0,NA,NA,119.9699811,0.46405247
ME,1994,0,NA,NA,126.9238221,0.46405247
ME,1995,0,NA,NA,130.527233,0.46405247
ME,1996,1,NA,NA,124.4031513,0.46405247
ME,1997,0,NA,NA,133.6034476,0.54315656
ME,1998,0,NA,NA,141.722267,0.54315656
ME,1999,0,NA,NA,144.1610836,0.54315656
ME,2000,1,NA,NA,149.0823093,0.54315656
ME,2001,0,NA,NA,154.2348622,0.42844722
ME,2002,0,NA,NA,163.1225869,0.42844722
ME,2003,0,NA,NA,183.3339631,0.42844722
ME,2004,1,NA,NA,188.5499122,0.42844722
ME,2005,0,NA,NA,183.9705995,0.43335673
ME,2006,0,NA,NA,173.4834776,0.43335673
ME,2007,0,NA,NA,178.0307156,0.43335673
ME,2008,1,NA,NA,177.907648,0.43335673
MI,1984,1,swing + election year,"swing state
(incumbent re-election year)",103.6962598,0.54543686
MI,1985,0,core + nonelection,NA,99.36153775,0.5527884
MI,1986,0,core + nonelection,NA,99.18382333,0.5527884
MI,1987,0,core + nonelection,NA,91.62555161,0.5527884
MI,1988,1,core + election,NA,96.19257948,0.5527884
MI,1989,0,core + nonelection,NA,89.87049737,0.55690265
MI,1990,0,core + nonelection,NA,98.95559253,0.55690265
MI,1991,0,core + nonelection,NA,110.2092963,0.55690265
MI,1992,1,core + election,NA,116.3410647,0.55690265
MI,1993,0,NA,NA,135.9291187,0.4703026
MI,1994,0,NA,NA,141.667769,0.4703026
MI,1995,0,NA,NA,141.6920491,0.4703026
MI,1996,1,NA,NA,132.6869467,0.4703026
MI,1997,0,NA,NA,138.4354471,0.52653843
MI,1998,0,NA,NA,140.5814319,0.52653843
MI,1999,0,NA,NA,155.6305971,0.52653843
MI,2000,1,NA,NA,162.4011688,0.52653843
MI,2001,0,swing + nonelection,NA,168.032898,0.4514194
MI,2002,0,swing + nonelection,NA,184.7311456,0.4514194
MI,2003,0,swing + nonelection,NA,175.2818554,0.4514194
MI,2004,1,swing + election year,"swing state
(incumbent re-election year)",174.5985297,0.4514194
MI,2005,0,swing + nonelection,NA,170.5336931,0.46105045
MI,2006,0,swing + nonelection,NA,160.8671237,0.46105045
MI,2007,0,swing + nonelection,NA,170.1176669,0.46105045
MI,2008,1,swing + election year,"swing state
(successor election year)",226.7659443,0.46105045
MN,1984,1,swing + election year,"swing state
(incumbent re-election year)",46.04487403,0.4798795
MN,1985,0,swing + nonelection,NA,44.50356213,0.4701757
MN,1986,0,swing + nonelection,NA,44.69528946,0.4701757
MN,1987,0,swing + nonelection,NA,43.01207676,0.4701757
MN,1988,1,swing + election year,"swing state
(successor election year)",42.75863407,0.4701757
MN,1989,0,swing + nonelection,NA,40.96510907,0.48047945
MN,1990,0,swing + nonelection,NA,42.20991428,0.48047945
MN,1991,0,swing + nonelection,NA,48.84490002,0.48047945
MN,1992,1,swing + election year,"swing state
(incumbent re-election year)",52.54093647,0.48047945
MN,1993,0,swing + nonelection,NA,64.2137726,0.53787696
MN,1994,0,swing + nonelection,NA,64.52675692,0.53787696
MN,1995,0,swing + nonelection,NA,66.97404857,0.53787696
MN,1996,1,swing + election year,"swing state
(incumbent re-election year)",62.62592733,0.53787696
MN,1997,0,core + nonelection,NA,66.98378026,0.56883866
MN,1998,0,core + nonelection,NA,63.91434239,0.56883866
MN,1999,0,core + nonelection,NA,68.89271949,0.56883866
MN,2000,1,core + election,NA,72.46438579,0.56883866
MN,2001,0,NA,NA,77.46665062,0.43870953
MN,2002,0,NA,NA,85.33990098,0.43870953
MN,2003,0,NA,NA,88.43552232,0.43870953
MN,2004,1,NA,NA,89.33703449,0.43870953
MN,2005,0,swing + nonelection,NA,91.11485343,0.45857763
MN,2006,0,swing + nonelection,NA,83.31596892,0.45857763
MN,2007,0,swing + nonelection,NA,91.39597331,0.45857763
MN,2008,1,swing + election year,"swing state
(successor election year)",102.6846323,0.45857763
MO,1984,1,NA,NA,32.77868551,0.54672617
MO,1985,0,NA,NA,32.61394271,0.53916085
MO,1986,0,NA,NA,29.20531755,0.53916085
MO,1987,0,NA,NA,27.12434328,0.53916085
MO,1988,1,NA,NA,27.56146426,0.53916085
MO,1989,0,core + nonelection,NA,29.82881359,0.55195695
MO,1990,0,core + nonelection,NA,32.26192765,0.55195695
MO,1991,0,core + nonelection,NA,37.58575461,0.55195695
MO,1992,1,core + election,NA,45.12008247,0.55195695
MO,1993,0,NA,NA,51.19028284,0.4816177
MO,1994,0,NA,NA,55.59367914,0.4816177
MO,1995,0,NA,NA,55.6756137,0.4816177
MO,1996,1,NA,NA,54.62290028,0.4816177
MO,1997,0,swing + nonelection,NA,56.06543563,0.52685696
MO,1998,0,swing + nonelection,NA,59.23153113,0.52685696
MO,1999,0,swing + nonelection,NA,63.1329916,0.52685696
MO,2000,1,swing + election year,"swing state
(successor election year)",68.65761575,0.52685696
MO,2001,0,swing + nonelection,NA,76.14916409,0.47219315
MO,2002,0,swing + nonelection,NA,84.61611568,0.47219315
MO,2003,0,swing + nonelection,NA,85.22875179,0.47219315
MO,2004,1,swing + election year,"swing state
(incumbent re-election year)",82.72630468,0.47219315
MO,2005,0,swing + nonelection,NA,83.13456531,0.5059487
MO,2006,0,swing + nonelection,NA,77.85423994,0.5059487
MO,2007,0,swing + nonelection,NA,84.71449249,0.5059487
MO,2008,1,swing + election year,"swing state
(successor election year)",88.21532932,0.5059487
MS,1984,1,core + election,NA,29.87007104,0.59882784
MS,1985,0,swing + nonelection,NA,28.11305576,0.5399682
MS,1986,0,swing + nonelection,NA,28.16641079,0.5399682
MS,1987,0,swing + nonelection,NA,26.86524758,0.5399682
MS,1988,1,swing + election year,"swing state
(successor election year)",27.71319255,0.5399682
MS,1989,0,core + nonelection,NA,26.3614065,0.5782604
MS,1990,0,core + nonelection,NA,32.19688938,0.5782604
MS,1991,0,core + nonelection,NA,34.56120675,0.5782604
MS,1992,1,core + election,NA,40.39958878,0.5782604
MS,1993,0,NA,NA,42.45799494,0.4075724
MS,1994,0,NA,NA,46.41898283,0.4075724
MS,1995,0,NA,NA,47.74436575,0.4075724
MS,1996,1,NA,NA,45.84968429,0.4075724
MS,1997,0,NA,NA,47.01787825,0.43934402
MS,1998,0,NA,NA,49.10671683,0.43934402
MS,1999,0,NA,NA,53.39986509,0.43934402
MS,2000,1,NA,NA,56.74744755,0.43934402
MS,2001,0,core + nonelection,NA,64.60316383,0.5542552
MS,2002,0,core + nonelection,NA,69.2622963,0.5542552
MS,2003,0,core + nonelection,NA,70.20841975,0.5542552
MS,2004,1,core + election,NA,69.71673446,0.5542552
MS,2005,0,core + nonelection,NA,83.92848551,0.57096565
MS,2006,0,core + nonelection,NA,202.289808,0.57096565
MS,2007,0,core + nonelection,NA,90.5668196,0.57096565
MS,2008,1,core + election,NA,79.23461888,0.57096565
MT,1984,1,core + election,NA,16.18135553,0.593112
MT,1985,0,core + nonelection,NA,17.15521387,0.59583664
MT,1986,0,core + nonelection,NA,16.03440508,0.59583664
MT,1987,0,core + nonelection,NA,15.67137609,0.59583664
MT,1988,1,core + election,NA,15.63917746,0.59583664
MT,1989,0,core + nonelection,NA,14.19299636,0.5931828
MT,1990,0,core + nonelection,NA,17.365461,0.5931828
MT,1991,0,core + nonelection,NA,17.01987885,0.5931828
MT,1992,1,core + election,NA,20.04307373,0.5931828
MT,1993,0,NA,NA,21.61809455,0.4581149
MT,1994,0,NA,NA,23.15805651,0.4581149
MT,1995,0,NA,NA,23.08269974,0.4581149
MT,1996,1,NA,NA,22.61722223,0.4581149
MT,1997,0,swing + nonelection,NA,26.28980597,0.4901615
MT,1998,0,swing + nonelection,NA,24.94989212,0.4901615
MT,1999,0,swing + nonelection,NA,30.50736499,0.4901615
MT,2000,1,swing + election year,"swing state
(successor election year)",32.77888734,0.4901615
MT,2001,0,NA,NA,35.76203856,0.54539907
MT,2002,0,NA,NA,37.69744952,0.54539907
MT,2003,0,NA,NA,36.00786665,0.54539907
MT,2004,1,NA,NA,36.65059807,0.54539907
MT,2005,0,core + nonelection,NA,38.50035536,0.5861462
MT,2006,0,core + nonelection,NA,36.50769159,0.5861462
MT,2007,0,core + nonelection,NA,38.94790079,0.5861462
MT,2008,1,core + election,NA,36.141486,0.5861462
NC,1984,1,core + election,NA,42.6777036,0.5539132
NC,1985,0,NA,NA,44.68575571,0.5252475
NC,1986,0,NA,NA,46.09077266,0.5252475
NC,1987,0,NA,NA,45.12128022,0.5252475
NC,1988,1,NA,NA,45.79673765,0.5252475
NC,1989,0,core + nonelection,NA,46.87754344,0.57095027
NC,1990,0,core + nonelection,NA,57.88962187,0.57095027
NC,1991,0,core + nonelection,NA,61.81539009,0.57095027
NC,1992,1,core + election,NA,68.34739537,0.57095027
NC,1993,0,NA,NA,77.20592503,0.43118712
NC,1994,0,NA,NA,81.01737264,0.43118712
NC,1995,0,NA,NA,86.84122495,0.43118712
NC,1996,1,NA,NA,90.02066299,0.43118712
NC,1997,0,swing + nonelection,NA,93.7254032,0.4628467
NC,1998,0,swing + nonelection,NA,97.87679587,0.4628467
NC,1999,0,swing + nonelection,NA,101.9524163,0.4628467
NC,2000,1,swing + election year,"swing state
(successor election year)",111.9036258,0.4628467
NC,2001,0,swing + nonelection,NA,114.8897748,0.53150815
NC,2002,0,swing + nonelection,NA,126.5020786,0.53150815
NC,2003,0,swing + nonelection,NA,131.3505321,0.53150815
NC,2004,1,swing + election year,"swing state
(incumbent re-election year)",138.0283901,0.53150815
NC,2005,0,core + nonelection,NA,138.3207525,0.5507865
NC,2006,0,core + nonelection,NA,136.4623685,0.5507865
NC,2007,0,core + nonelection,NA,145.0959049,0.5507865
NC,2008,1,core + election,NA,148.7579029,0.5507865
ND,1984,1,core + election,NA,16.15415223,0.62471104
ND,1985,0,core + nonelection,NA,14.62522396,0.6323953
ND,1986,0,core + nonelection,NA,13.34618598,0.6323953
ND,1987,0,core + nonelection,NA,13.19873926,0.6323953
ND,1988,1,core + election,NA,13.78545576,0.6323953
ND,1989,0,core + nonelection,NA,13.88551276,0.6443688
ND,1990,0,core + nonelection,NA,14.92849969,0.6443688
ND,1991,0,core + nonelection,NA,15.36624588,0.6443688
ND,1992,1,core + election,NA,17.74040582,0.6443688
ND,1993,0,NA,NA,19.96031659,0.39931786
ND,1994,0,NA,NA,19.64593154,0.39931786
ND,1995,0,NA,NA,20.59121493,0.39931786
ND,1996,1,NA,NA,20.42802214,0.39931786
ND,1997,0,NA,NA,26.55337498,0.43872875
ND,1998,0,NA,NA,25.92649199,0.43872875
ND,1999,0,NA,NA,24.46242099,0.43872875
ND,2000,1,NA,NA,26.13167617,0.43872875
ND,2001,0,core + nonelection,NA,29.99075473,0.5883781
ND,2002,0,core + nonelection,NA,30.51694461,0.5883781
ND,2003,0,core + nonelection,NA,32.18763664,0.5883781
ND,2004,1,core + election,NA,30.67862273,0.5883781
ND,2005,0,core + nonelection,NA,32.77180674,0.60849357
ND,2006,0,core + nonelection,NA,26.60994759,0.60849357
ND,2007,0,core + nonelection,NA,27.00511797,0.60849357
ND,2008,1,core + election,NA,29.57609887,0.60849357
NE,1984,1,core + election,NA,12.76183186,0.67561924
NE,1985,0,core + nonelection,NA,12.75441641,0.67729354
NE,1986,0,core + nonelection,NA,11.71154765,0.67729354
NE,1987,0,core + nonelection,NA,10.96844544,0.67729354
NE,1988,1,core + election,NA,11.34628916,0.67729354
NE,1989,0,core + nonelection,NA,9.947555651,0.67705274
NE,1990,0,core + nonelection,NA,12.53866099,0.67705274
NE,1991,0,core + nonelection,NA,14.27130662,0.67705274
NE,1992,1,core + election,NA,16.28882013,0.67705274
NE,1993,0,NA,NA,19.05781582,0.35714734
NE,1994,0,NA,NA,19.72275457,0.35714734
NE,1995,0,NA,NA,18.95294556,0.35714734
NE,1996,1,NA,NA,18.77663878,0.35714734
NE,1997,0,NA,NA,20.02179308,0.39198044
NE,1998,0,NA,NA,22.05508735,0.39198044
NE,1999,0,NA,NA,23.49507048,0.39198044
NE,2000,1,NA,NA,24.62444766,0.39198044
NE,2001,0,core + nonelection,NA,28.06109715,0.6234655
NE,2002,0,core + nonelection,NA,29.03082006,0.6234655
NE,2003,0,core + nonelection,NA,30.15747559,0.6234655
NE,2004,1,core + election,NA,29.56073739,0.6234655
NE,2005,0,core + nonelection,NA,29.49195691,0.6419388
NE,2006,0,core + nonelection,NA,27.93365243,0.6419388
NE,2007,0,core + nonelection,NA,29.8860142,0.6419388
NE,2008,1,core + election,NA,39.2962173,0.6419388
NH,1984,1,core + election,NA,82.85216611,0.6251409
NH,1985,0,core + nonelection,NA,73.91585984,0.63911533
NH,1986,0,core + nonelection,NA,68.91928093,0.63911533
NH,1987,0,core + nonelection,NA,68.48545369,0.63911533
NH,1988,1,core + election,NA,69.04812252,0.63911533
NH,1989,0,core + nonelection,NA,61.74715244,0.66409105
NH,1990,0,core + nonelection,NA,75.71282851,0.66409105
NH,1991,0,core + nonelection,NA,91.6785242,0.66409105
NH,1992,1,core + election,NA,148.4933474,0.66409105
NH,1993,0,NA,NA,113.825295,0.39545643
NH,1994,0,NA,NA,153.6926361,0.39545643
NH,1995,0,NA,NA,136.7319174,0.39545643
NH,1996,1,NA,NA,136.5261624,0.39545643
NH,1997,0,NA,NA,138.282263,0.47724527
NH,1998,0,NA,NA,146.9659891,0.47724527
NH,1999,0,NA,NA,154.8180859,0.47724527
NH,2000,1,NA,NA,171.0139444,0.47724527
NH,2001,0,swing + nonelection,NA,170.6365194,0.4808686
NH,2002,0,swing + nonelection,NA,188.5753139,0.4808686
NH,2003,0,swing + nonelection,NA,211.9660467,0.4808686
NH,2004,1,swing + election year,"swing state
(incumbent re-election year)",205.0857172,0.4808686
NH,2005,0,swing + nonelection,NA,193.5552123,0.4812228
NH,2006,0,swing + nonelection,NA,181.7715115,0.4812228
NH,2007,0,swing + nonelection,NA,188.3866265,0.4812228
NH,2008,1,swing + election year,"swing state
(successor election year)",184.1574679,0.4812228
NJ,1984,1,core + election,NA,285.7133385,0.5703925
NJ,1985,0,core + nonelection,NA,286.2578694,0.56343734
NJ,1986,0,core + nonelection,NA,258.5821715,0.56343734
NJ,1987,0,core + nonelection,NA,244.2673772,0.56343734
NJ,1988,1,core + election,NA,257.7366532,0.56343734
NJ,1989,0,core + nonelection,NA,236.7853427,0.5827723
NJ,1990,0,core + nonelection,NA,296.6367561,0.5827723
NJ,1991,0,core + nonelection,NA,331.8704228,0.5827723
NJ,1992,1,core + election,NA,363.8765342,0.5827723
NJ,1993,0,NA,NA,493.2002145,0.44665924
NJ,1994,0,NA,NA,459.0833866,0.44665924
NJ,1995,0,NA,NA,486.9380167,0.44665924
NJ,1996,1,NA,NA,455.6425019,0.44665924
NJ,1997,0,NA,NA,470.0211234,0.51495314
NJ,1998,0,NA,NA,485.8653274,0.51495314
NJ,1999,0,NA,NA,485.2076208,0.51495314
NJ,2000,1,NA,NA,518.4079214,0.51495314
NJ,2001,0,NA,NA,530.3404423,0.4346716
NJ,2002,0,NA,NA,579.0730766,0.4346716
NJ,2003,0,NA,NA,597.3326697,0.4346716
NJ,2004,1,NA,NA,573.7681863,0.4346716
NJ,2005,0,NA,NA,543.1997766,0.4281709
NJ,2006,0,NA,NA,544.6027272,0.4281709
NJ,2007,0,NA,NA,587.1283716,0.4281709
NJ,2008,1,NA,NA,741.7908007,0.4281709
NM,1984,1,core + election,NA,44.08948615,0.5789981
NM,1985,0,core + nonelection,NA,44.62026007,0.5716754
NM,1986,0,core + nonelection,NA,42.12155105,0.5716754
NM,1987,0,core + nonelection,NA,39.64321127,0.5716754
NM,1988,1,core + election,NA,41.95420001,0.5716754
NM,1989,0,core + nonelection,NA,41.12413033,0.5758926
NM,1990,0,core + nonelection,NA,44.52126133,0.5758926
NM,1991,0,core + nonelection,NA,52.95059232,0.5758926
NM,1992,1,core + election,NA,62.38562552,0.5758926
NM,1993,0,NA,NA,73.17944736,0.47427547
NM,1994,0,NA,NA,74.01322262,0.47427547
NM,1995,0,NA,NA,79.90837404,0.47427547
NM,1996,1,NA,NA,81.04363642,0.47427547
NM,1997,0,swing + nonelection,NA,86.19407918,0.5221879
NM,1998,0,swing + nonelection,NA,89.53845673,0.5221879
NM,1999,0,swing + nonelection,NA,95.61990303,0.5221879
NM,2000,1,swing + election year,"swing state
(successor election year)",103.6780096,0.5221879
NM,2001,0,swing + nonelection,NA,114.8837244,0.46933928
NM,2002,0,swing + nonelection,NA,124.3889338,0.46933928
NM,2003,0,swing + nonelection,NA,124.8310153,0.46933928
NM,2004,1,swing + election year,"swing state
(incumbent re-election year)",134.131792,0.46933928
NM,2005,0,swing + nonelection,NA,126.0053348,0.48781428
NM,2006,0,swing + nonelection,NA,121.8627263,0.48781428
NM,2007,0,swing + nonelection,NA,131.3737058,0.48781428
NM,2008,1,swing + election year,"swing state
(successor election year)",139.3822849,0.48781428
NV,1984,1,core + election,NA,38.74315534,0.61959165
NV,1985,0,core + nonelection,NA,39.96530523,0.631708
NV,1986,0,core + nonelection,NA,35.57479889,0.631708
NV,1987,0,core + nonelection,NA,32.16105084,0.631708
NV,1988,1,core + election,NA,34.21242795,0.631708
NV,1989,0,core + nonelection,NA,35.5184898,0.6602053
NV,1990,0,core + nonelection,NA,41.02521095,0.6602053
NV,1991,0,core + nonelection,NA,48.46287396,0.6602053
NV,1992,1,core + election,NA,58.57837501,0.6602053
NV,1993,0,NA,NA,52.1798946,0.4123017
NV,1994,0,NA,NA,71.72687026,0.4123017
NV,1995,0,NA,NA,83.55264638,0.4123017
NV,1996,1,NA,NA,75.48710518,0.4123017
NV,1997,0,swing + nonelection,NA,87.51593992,0.47197574
NV,1998,0,swing + nonelection,NA,82.55852664,0.47197574
NV,1999,0,swing + nonelection,NA,94.77192846,0.47197574
NV,2000,1,swing + election year,"swing state
(successor election year)",100.1907921,0.47197574
NV,2001,0,swing + nonelection,NA,106.5086321,0.49815178
NV,2002,0,swing + nonelection,NA,122.9825874,0.49815178
NV,2003,0,swing + nonelection,NA,125.0147422,0.49815178
NV,2004,1,swing + election year,"swing state
(incumbent re-election year)",143.0758617,0.49815178
NV,2005,0,swing + nonelection,NA,168.9485318,0.50862634
NV,2006,0,swing + nonelection,NA,148.4324616,0.50862634
NV,2007,0,swing + nonelection,NA,178.0497786,0.50862634
NV,2008,1,swing + election year,"swing state
(successor election year)",177.3528109,0.50862634
NY,1984,1,swing + election year,"swing state
(incumbent re-election year)",400.7681858,0.52645844
NY,1985,0,swing + nonelection,NA,393.9978356,0.510882
NY,1986,0,swing + nonelection,NA,395.0264128,0.510882
NY,1987,0,swing + nonelection,NA,394.0571293,0.510882
NY,1988,1,swing + election year,"swing state
(successor election year)",384.7380467,0.510882
NY,1989,0,swing + nonelection,NA,393.5701898,0.511402
NY,1990,0,swing + nonelection,NA,430.8687411,0.511402
NY,1991,0,swing + nonelection,NA,480.1479673,0.511402
NY,1992,1,swing + election year,"swing state
(incumbent re-election year)",566.3438777,0.511402
NY,1993,0,NA,NA,619.6084733,0.5250974
NY,1994,0,NA,NA,620.216948,0.5250974
NY,1995,0,NA,NA,634.749535,0.5250974
NY,1996,1,NA,NA,638.1134749,0.5250974
NY,1997,0,core + nonelection,NA,659.5566992,0.59188145
NY,1998,0,core + nonelection,NA,661.840459,0.59188145
NY,1999,0,core + nonelection,NA,663.4342788,0.59188145
NY,2000,1,core + election,NA,725.2755152,0.59188145
NY,2001,0,NA,NA,730.9243741,0.3713836
NY,2002,0,NA,NA,854.2555874,0.3713836
NY,2003,0,NA,NA,936.7378655,0.3713836
NY,2004,1,NA,NA,957.9115121,0.3713836
NY,2005,0,NA,NA,843.507932,0.37201887
NY,2006,0,NA,NA,817.9981263,0.37201887
NY,2007,0,NA,NA,857.1741259,0.37201887
NY,2008,1,NA,NA,920.7507862,0.37201887
OH,1984,1,core + election,NA,94.01664471,0.555439
OH,1985,0,core + nonelection,NA,93.19181588,0.5502255
OH,1986,0,core + nonelection,NA,94.08934684,0.5502255
OH,1987,0,core + nonelection,NA,89.42755057,0.5502255
OH,1988,1,core + election,NA,94.37757485,0.5502255
OH,1989,0,core + nonelection,NA,89.37917953,0.56893414
OH,1990,0,core + nonelection,NA,106.0109077,0.56893414
OH,1991,0,core + nonelection,NA,111.7874876,0.56893414
OH,1992,1,core + election,NA,120.4550309,0.56893414
OH,1993,0,NA,NA,146.7209375,0.45407802
OH,1994,0,NA,NA,149.3519347,0.45407802
OH,1995,0,NA,NA,154.7034232,0.45407802
OH,1996,1,NA,NA,154.7775826,0.45407802
OH,1997,0,swing + nonelection,NA,144.4696038,0.49763682
OH,1998,0,swing + nonelection,NA,157.0646292,0.49763682
OH,1999,0,swing + nonelection,NA,161.4607052,0.49763682
OH,2000,1,swing + election year,"swing state
(successor election year)",175.3466737,0.49763682
OH,2001,0,swing + nonelection,NA,180.1227425,0.49017772
OH,2002,0,swing + nonelection,NA,196.965862,0.49017772
OH,2003,0,swing + nonelection,NA,203.1727116,0.49017772
OH,2004,1,swing + election year,"swing state
(incumbent re-election year)",207.2530961,0.49017772
OH,2005,0,swing + nonelection,NA,210.514015,0.49760082
OH,2006,0,swing + nonelection,NA,195.7766469,0.49760082
OH,2007,0,swing + nonelection,NA,202.6971859,0.49760082
OH,2008,1,swing + election year,"swing state
(successor election year)",197.6283384,0.49760082
OK,1984,1,core + election,NA,31.27710495,0.6314142
OK,1985,0,core + nonelection,NA,31.40599649,0.6103239
OK,1986,0,core + nonelection,NA,33.40522783,0.6103239
OK,1987,0,core + nonelection,NA,32.95064727,0.6103239
OK,1988,1,core + election,NA,33.77047342,0.6103239
OK,1989,0,core + nonelection,NA,33.52129855,0.63623923
OK,1990,0,core + nonelection,NA,36.84875686,0.63623923
OK,1991,0,core + nonelection,NA,38.5526503,0.63623923
OK,1992,1,core + election,NA,43.69845656,0.63623923
OK,1993,0,NA,NA,48.67815429,0.38959414
OK,1994,0,NA,NA,45.8532616,0.38959414
OK,1995,0,NA,NA,48.5584091,0.38959414
OK,1996,1,NA,NA,48.02659133,0.38959414
OK,1997,0,NA,NA,50.27527499,0.43862486
OK,1998,0,NA,NA,54.42812495,0.43862486
OK,1999,0,NA,NA,57.22533069,0.43862486
OK,2000,1,NA,NA,62.50746751,0.43862486
OK,2001,0,core + nonelection,NA,69.28356059,0.5703447
OK,2002,0,core + nonelection,NA,77.23619429,0.5703447
OK,2003,0,core + nonelection,NA,75.60677947,0.5703447
OK,2004,1,core + election,NA,75.75245103,0.5703447
OK,2005,0,core + nonelection,NA,75.93594894,0.6035056
OK,2006,0,core + nonelection,NA,75.37403494,0.6035056
OK,2007,0,core + nonelection,NA,83.73958991,0.6035056
OK,2008,1,core + election,NA,78.75439106,0.6035056
OR,1984,1,swing + election year,"swing state
(incumbent re-election year)",67.65106225,0.53659946
OR,1985,0,swing + nonelection,NA,65.22501618,0.5391483
OR,1986,0,swing + nonelection,NA,66.50810129,0.5391483
OR,1987,0,swing + nonelection,NA,60.41676646,0.5391483
OR,1988,1,swing + election year,"swing state
(successor election year)",59.48801934,0.5391483
OR,1989,0,swing + nonelection,NA,63.63200741,0.5309121
OR,1990,0,swing + nonelection,NA,68.71440166,0.5309121
OR,1991,0,swing + nonelection,NA,69.860272,0.5309121
OR,1992,1,swing + election year,"swing state
(incumbent re-election year)",76.48033941,0.5309121
OR,1993,0,NA,NA,94.33751753,0.50970954
OR,1994,0,NA,NA,106.2195559,0.50970954
OR,1995,0,NA,NA,109.4840721,0.50970954
OR,1996,1,NA,NA,110.2883266,0.50970954
OR,1997,0,swing + nonelection,NA,114.7841822,0.5457023
OR,1998,0,swing + nonelection,NA,116.5421248,0.5457023
OR,1999,0,swing + nonelection,NA,126.3125721,0.5457023
OR,2000,1,swing + election year,"swing state
(successor election year)",129.1661964,0.5457023
OR,2001,0,swing + nonelection,NA,151.9674083,0.461457
OR,2002,0,swing + nonelection,NA,151.1622857,0.461457
OR,2003,0,swing + nonelection,NA,155.6036198,0.461457
OR,2004,1,swing + election year,"swing state
(incumbent re-election year)",155.066085,0.461457
OR,2005,0,swing + nonelection,NA,157.3998937,0.47654122
OR,2006,0,swing + nonelection,NA,153.2042657,0.47654122
OR,2007,0,swing + nonelection,NA,159.8619502,0.47654122
OR,2008,1,swing + election year,"swing state
(successor election year)",162.0482857,0.47654122
PA,1984,1,NA,NA,159.2984535,0.542246
PA,1985,0,swing + nonelection,NA,155.6966242,0.5206841
PA,1986,0,swing + nonelection,NA,147.9678167,0.5206841
PA,1987,0,swing + nonelection,NA,144.2875057,0.5206841
PA,1988,1,swing + election year,"swing state
(successor election year)",142.1861192,0.5206841
PA,1989,0,swing + nonelection,NA,133.1170356,0.5291064
PA,1990,0,swing + nonelection,NA,147.1149012,0.5291064
PA,1991,0,swing + nonelection,NA,168.7384165,0.5291064
PA,1992,1,swing + election year,"swing state
(incumbent re-election year)",199.5775182,0.5291064
PA,1993,0,swing + nonelection,NA,222.2368924,0.50226086
PA,1994,0,swing + nonelection,NA,235.553745,0.50226086
PA,1995,0,swing + nonelection,NA,246.3479991,0.50226086
PA,1996,1,swing + election year,"swing state
(incumbent re-election year)",234.5671028,0.50226086
PA,1997,0,swing + nonelection,NA,243.3986039,0.5318006
PA,1998,0,swing + nonelection,NA,254.1201161,0.5318006
PA,1999,0,swing + nonelection,NA,263.8638143,0.5318006
PA,2000,1,swing + election year,"swing state
(successor election year)",281.5895583,0.5318006
PA,2001,0,swing + nonelection,NA,285.8751761,0.45713928
PA,2002,0,swing + nonelection,NA,309.0449878,0.45713928
PA,2003,0,swing + nonelection,NA,312.3137868,0.45713928
PA,2004,1,swing + election year,"swing state
(incumbent re-election year)",322.2772217,0.45713928
PA,2005,0,swing + nonelection,NA,313.1562213,0.4714401
PA,2006,0,swing + nonelection,NA,310.1767429,0.4714401
PA,2007,0,swing + nonelection,NA,315.2491885,0.4714401
PA,2008,1,swing + election year,"swing state
(successor election year)",312.2589092,0.4714401
RI,1984,1,swing + election year,"swing state
(incumbent re-election year)",243.1342993,0.4708744
RI,1985,0,swing + nonelection,NA,235.3539893,0.46663767
RI,1986,0,swing + nonelection,NA,233.8494753,0.46663767
RI,1987,0,swing + nonelection,NA,222.3295324,0.46663767
RI,1988,1,swing + election year,"swing state
(successor election year)",223.1318298,0.46663767
RI,1989,0,swing + nonelection,NA,219.5763246,0.4659527
RI,1990,0,swing + nonelection,NA,261.2041287,0.4659527
RI,1991,0,swing + nonelection,NA,301.4826099,0.4659527
RI,1992,1,swing + election year,"swing state
(incumbent re-election year)",313.4627852,0.4659527
RI,1993,0,core + nonelection,NA,379.6606477,0.55297285
RI,1994,0,core + nonelection,NA,369.4612588,0.55297285
RI,1995,0,core + nonelection,NA,400.4553747,0.55297285
RI,1996,1,core + election,NA,362.252209,0.55297285
RI,1997,0,core + nonelection,NA,369.4311382,0.62241936
RI,1998,0,core + nonelection,NA,387.67821,0.62241936
RI,1999,0,core + nonelection,NA,407.1111534,0.62241936
RI,2000,1,core + election,NA,479.6445594,0.62241936
RI,2001,0,NA,NA,455.1112326,0.34500983
RI,2002,0,NA,NA,484.6810017,0.34500983
RI,2003,0,NA,NA,507.3232593,0.34500983
RI,2004,1,NA,NA,513.6975486,0.34500983
RI,2005,0,NA,NA,495.2245568,0.34923053
RI,2006,0,NA,NA,467.0255165,0.34923053
RI,2007,0,NA,NA,492.4920394,0.34923053
RI,2008,1,NA,NA,482.192027,0.34923053
SC,1984,1,core + election,NA,52.97886111,0.55290335
SC,1985,0,NA,NA,52.0943725,0.5277858
SC,1986,0,NA,NA,54.3661337,0.5277858
SC,1987,0,NA,NA,51.59584415,0.5277858
SC,1988,1,NA,NA,52.15650743,0.5277858
SC,1989,0,core + nonelection,NA,48.45149637,0.58991873
SC,1990,0,core + nonelection,NA,70.84742447,0.58991873
SC,1991,0,core + nonelection,NA,72.59171825,0.58991873
SC,1992,1,core + election,NA,83.63776846,0.58991873
SC,1993,0,NA,NA,89.18779009,0.39724824
SC,1994,0,NA,NA,96.3883506,0.39724824
SC,1995,0,NA,NA,97.59383467,0.39724824
SC,1996,1,NA,NA,90.92061195,0.39724824
SC,1997,0,NA,NA,98.26363563,0.43357268
SC,1998,0,NA,NA,102.3242703,0.43357268
SC,1999,0,NA,NA,111.2773439,0.43357268
SC,2000,1,NA,NA,119.0875162,0.43357268
SC,2001,0,core + nonelection,NA,130.4611853,0.5533455
SC,2002,0,core + nonelection,NA,139.3690618,0.5533455
SC,2003,0,core + nonelection,NA,144.7600847,0.5533455
SC,2004,1,core + election,NA,144.9119691,0.5533455
SC,2005,0,core + nonelection,NA,145.9575386,0.56667894
SC,2006,0,core + nonelection,NA,141.53676,0.56667894
SC,2007,0,core + nonelection,NA,143.3687544,0.56667894
SC,2008,1,core + election,NA,135.8275795,0.56667894
SD,1984,1,core + election,NA,14.21855538,0.5690189
SD,1985,0,core + nonelection,NA,11.57046636,0.59892005
SD,1986,0,core + nonelection,NA,11.55653916,0.59892005
SD,1987,0,core + nonelection,NA,9.964362281,0.59892005
SD,1988,1,core + election,NA,10.18021022,0.59892005
SD,1989,0,core + nonelection,NA,10.38359321,0.6070845
SD,1990,0,core + nonelection,NA,11.48346641,0.6070845
SD,1991,0,core + nonelection,NA,12.95427774,0.6070845
SD,1992,1,core + election,NA,13.59112373,0.6070845
SD,1993,0,NA,NA,15.85742711,0.43749025
SD,1994,0,NA,NA,15.77490739,0.43749025
SD,1995,0,NA,NA,17.03253333,0.43749025
SD,1996,1,NA,NA,16.79912438,0.43749025
SD,1997,0,swing + nonelection,NA,19.77348113,0.47537667
SD,1998,0,swing + nonelection,NA,18.91417959,0.47537667
SD,1999,0,swing + nonelection,NA,19.61061705,0.47537667
SD,2000,1,swing + election year,"swing state
(successor election year)",20.7929431,0.47537667
SD,2001,0,core + nonelection,NA,23.96735551,0.5526978
SD,2002,0,core + nonelection,NA,25.80986793,0.5526978
SD,2003,0,core + nonelection,NA,28.28693413,0.5526978
SD,2004,1,core + election,NA,26.03663627,0.5526978
SD,2005,0,core + nonelection,NA,27.26165183,0.5815386
SD,2006,0,core + nonelection,NA,22.39663153,0.5815386
SD,2007,0,core + nonelection,NA,22.46049951,0.5815386
SD,2008,1,core + election,NA,25.72175902,0.5815386
TN,1984,1,NA,NA,38.27792803,0.543502
TN,1985,0,swing + nonelection,NA,37.82974958,0.5058628
TN,1986,0,swing + nonelection,NA,37.91576241,0.5058628
TN,1987,0,swing + nonelection,NA,36.33470031,0.5058628
TN,1988,1,swing + election year,"swing state
(successor election year)",38.69059682,0.5058628
TN,1989,0,core + nonelection,NA,38.95070258,0.55516803
TN,1990,0,core + nonelection,NA,46.37794693,0.55516803
TN,1991,0,core + nonelection,NA,51.27554873,0.55516803
TN,1992,1,core + election,NA,55.52489706,0.55516803
TN,1993,0,NA,NA,65.55703844,0.45399183
TN,1994,0,NA,NA,68.25689823,0.45399183
TN,1995,0,NA,NA,69.90368421,0.45399183
TN,1996,1,NA,NA,66.20144574,0.45399183
TN,1997,0,swing + nonelection,NA,72.71778052,0.48555347
TN,1998,0,swing + nonelection,NA,78.26415858,0.48555347
TN,1999,0,swing + nonelection,NA,81.13797102,0.48555347
TN,2000,1,swing + election year,"swing state
(successor election year)",89.85776793,0.48555347
TN,2001,0,swing + nonelection,NA,93.26079411,0.49359396
TN,2002,0,swing + nonelection,NA,104.6925725,0.49359396
TN,2003,0,swing + nonelection,NA,106.6511366,0.49359396
TN,2004,1,swing + election year,"swing state
(incumbent re-election year)",113.0709774,0.49359396
TN,2005,0,swing + nonelection,NA,110.94446,0.52620554
TN,2006,0,swing + nonelection,NA,103.1025828,0.52620554
TN,2007,0,swing + nonelection,NA,104.5618641,0.52620554
TN,2008,1,swing + election year,"swing state
(successor election year)",144.583341,0.52620554
TX,1984,1,core + election,NA,38.25750393,0.5738067
TX,1985,0,core + nonelection,NA,40.51133561,0.56451714
TX,1986,0,core + nonelection,NA,38.62549842,0.56451714
TX,1987,0,core + nonelection,NA,33.21392123,0.56451714
TX,1988,1,core + election,NA,38.96963171,0.56451714
TX,1989,0,core + nonelection,NA,37.17905923,0.5909999
TX,1990,0,core + nonelection,NA,43.05181659,0.5909999
TX,1991,0,core + nonelection,NA,49.43995185,0.5909999
TX,1992,1,core + election,NA,61.0545874,0.5909999
TX,1993,0,NA,NA,74.58012775,0.42541733
TX,1994,0,NA,NA,76.54238493,0.42541733
TX,1995,0,NA,NA,80.6290032,0.42541733
TX,1996,1,NA,NA,75.1073485,0.42541733
TX,1997,0,swing + nonelection,NA,77.42556392,0.46250293
TX,1998,0,swing + nonelection,NA,81.96200049,0.46250293
TX,1999,0,swing + nonelection,NA,91.60970115,0.46250293
TX,2000,1,swing + election year,"swing state
(successor election year)",92.95857013,0.46250293
TX,2001,0,core + nonelection,NA,101.905412,0.55286354
TX,2002,0,core + nonelection,NA,107.4660947,0.55286354
TX,2003,0,core + nonelection,NA,120.5608996,0.55286354
TX,2004,1,core + election,NA,113.5666267,0.55286354
TX,2005,0,core + nonelection,NA,114.7841722,0.5837569
TX,2006,0,core + nonelection,NA,119.9856982,0.5837569
TX,2007,0,core + nonelection,NA,113.3108217,0.5837569
TX,2008,1,core + election,NA,141.4831302,0.5837569
UT,1984,1,core + election,NA,49.51729689,0.7162586
UT,1985,0,core + nonelection,NA,53.28955349,0.7268842
UT,1986,0,core + nonelection,NA,49.33998282,0.7268842
UT,1987,0,core + nonelection,NA,46.52970773,0.7268842
UT,1988,1,core + election,NA,46.1921303,0.7268842
UT,1989,0,core + nonelection,NA,41.22902734,0.73491025
UT,1990,0,core + nonelection,NA,46.20998091,0.73491025
UT,1991,0,core + nonelection,NA,49.50010973,0.73491025
UT,1992,1,core + election,NA,58.91287338,0.73491025
UT,1993,0,NA,NA,66.73621225,0.31246176
UT,1994,0,NA,NA,69.28847099,0.31246176
UT,1995,0,NA,NA,70.64598228,0.31246176
UT,1996,1,NA,NA,68.17764899,0.31246176
UT,1997,0,NA,NA,70.92822429,0.35613018
UT,1998,0,NA,NA,74.94381105,0.35613018
UT,1999,0,NA,NA,85.98308636,0.35613018
UT,2000,1,NA,NA,87.78277933,0.35613018
UT,2001,0,core + nonelection,NA,91.84786727,0.6583286
UT,2002,0,core + nonelection,NA,101.9723916,0.6583286
UT,2003,0,core + nonelection,NA,104.0002934,0.6583286
UT,2004,1,core + election,NA,104.2987059,0.6583286
UT,2005,0,core + nonelection,NA,103.4228267,0.69030476
UT,2006,0,core + nonelection,NA,102.917021,0.69030476
UT,2007,0,core + nonelection,NA,109.8433375,0.69030476
UT,2008,1,core + election,NA,108.4959354,0.69030476
VA,1984,1,core + election,NA,28.69686267,0.58918184
VA,1985,0,core + nonelection,NA,28.83480665,0.5672599
VA,1986,0,core + nonelection,NA,28.90654298,0.5672599
VA,1987,0,core + nonelection,NA,24.31104157,0.5672599
VA,1988,1,core + election,NA,26.41478636,0.5672599
VA,1989,0,core + nonelection,NA,24.30679282,0.59950167
VA,1990,0,core + nonelection,NA,28.76411562,0.59950167
VA,1991,0,core + nonelection,NA,35.51717665,0.59950167
VA,1992,1,core + election,NA,36.95216567,0.59950167
VA,1993,0,NA,NA,40.46127023,0.41470116
VA,1994,0,NA,NA,41.7360555,0.41470116
VA,1995,0,NA,NA,40.02199087,0.41470116
VA,1996,1,NA,NA,38.83718425,0.41470116
VA,1997,0,swing + nonelection,NA,42.57036797,0.45341817
VA,1998,0,swing + nonelection,NA,42.67051701,0.45341817
VA,1999,0,swing + nonelection,NA,46.81310185,0.45341817
VA,2000,1,swing + election year,"swing state
(successor election year)",52.35612428,0.45341817
VA,2001,0,swing + nonelection,NA,56.31025567,0.52587616
VA,2002,0,swing + nonelection,NA,65.30354544,0.52587616
VA,2003,0,swing + nonelection,NA,65.06491568,0.52587616
VA,2004,1,swing + election year,"swing state
(incumbent re-election year)",63.32056562,0.52587616
VA,2005,0,swing + nonelection,NA,60.75183801,0.5311384
VA,2006,0,swing + nonelection,NA,58.3121246,0.5311384
VA,2007,0,swing + nonelection,NA,69.53048526,0.5311384
VA,2008,1,swing + election year,"swing state
(successor election year)",63.75167983,0.5311384
VT,1984,1,core + election,NA,48.62008081,0.57519406
VT,1985,0,core + nonelection,NA,47.89241026,0.56003237
VT,1986,0,core + nonelection,NA,45.14978127,0.56003237
VT,1987,0,core + nonelection,NA,44.98196381,0.56003237
VT,1988,1,core + election,NA,43.60489206,0.56003237
VT,1989,0,swing + nonelection,NA,41.25558326,0.5468219
VT,1990,0,swing + nonelection,NA,45.28560309,0.5468219
VT,1991,0,swing + nonelection,NA,55.86796438,0.5468219
VT,1992,1,swing + election year,"swing state
(incumbent re-election year)",56.27958361,0.5468219
VT,1993,0,NA,NA,62.00878417,0.4993586
VT,1994,0,NA,NA,62.12672877,0.4993586
VT,1995,0,NA,NA,65.45747988,0.4993586
VT,1996,1,NA,NA,65.38037541,0.4993586
VT,1997,0,core + nonelection,NA,68.30859142,0.5721844
VT,1998,0,core + nonelection,NA,76.04398795,0.5721844
VT,1999,0,core + nonelection,NA,82.80763084,0.5721844
VT,2000,1,core + election,NA,84.03388584,0.5721844
VT,2001,0,NA,NA,93.13745055,0.40374205
VT,2002,0,NA,NA,102.1976406,0.40374205
VT,2003,0,NA,NA,104.3134879,0.40374205
VT,2004,1,NA,NA,106.7017423,0.40374205
VT,2005,0,NA,NA,99.25887521,0.40358606
VT,2006,0,NA,NA,99.21607503,0.40358606
VT,2007,0,NA,NA,107.3554993,0.40358606
VT,2008,1,NA,NA,145.5764504,0.40358606
WA,1984,1,core + election,NA,94.21666411,0.56226104
WA,1985,0,core + nonelection,NA,100.0748235,0.55228925
WA,1986,0,core + nonelection,NA,109.1739101,0.55228925
WA,1987,0,core + nonelection,NA,97.19426387,0.55228925
WA,1988,1,core + election,NA,105.7723728,0.55228925
WA,1989,0,swing + nonelection,NA,112.5562228,0.5428626
WA,1990,0,swing + nonelection,NA,111.0646726,0.5428626
WA,1991,0,swing + nonelection,NA,126.3165378,0.5428626
WA,1992,1,swing + election year,"swing state
(incumbent re-election year)",142.0822737,0.5428626
WA,1993,0,swing + nonelection,NA,167.6963795,0.5060942
WA,1994,0,swing + nonelection,NA,174.7667449,0.5060942
WA,1995,0,swing + nonelection,NA,171.9425078,0.5060942
WA,1996,1,swing + election year,"swing state
(incumbent re-election year)",176.3945487,0.5060942
WA,1997,0,core + nonelection,NA,183.5101755,0.5519802
WA,1998,0,core + nonelection,NA,183.9610782,0.5519802
WA,1999,0,core + nonelection,NA,191.3108027,0.5519802
WA,2000,1,core + election,NA,212.4579337,0.5519802
WA,2001,0,NA,NA,221.0472542,0.44089624
WA,2002,0,NA,NA,244.9198793,0.44089624
WA,2003,0,NA,NA,254.9158557,0.44089624
WA,2004,1,NA,NA,255.0923035,0.44089624
WA,2005,0,swing + nonelection,NA,248.5664444,0.4540468
WA,2006,0,swing + nonelection,NA,240.2097331,0.4540468
WA,2007,0,swing + nonelection,NA,254.9413117,0.4540468
WA,2008,1,swing + election year,"swing state
(successor election year)",277.3039997,0.4540468
WI,1984,1,swing + election year,"swing state
(incumbent re-election year)",64.08538644,0.52236366
WI,1985,0,swing + nonelection,NA,60.52432302,0.52117497
WI,1986,0,swing + nonelection,NA,57.90263225,0.52117497
WI,1987,0,swing + nonelection,NA,57.31226185,0.52117497
WI,1988,1,swing + election year,"swing state
(successor election year)",53.90572794,0.52117497
WI,1989,0,swing + nonelection,NA,54.09043835,0.5179689
WI,1990,0,swing + nonelection,NA,62.54566026,0.5179689
WI,1991,0,swing + nonelection,NA,63.12877296,0.5179689
WI,1992,1,swing + election year,"swing state
(incumbent re-election year)",69.66350694,0.5179689
WI,1993,0,swing + nonelection,NA,79.38189252,0.4999805
WI,1994,0,swing + nonelection,NA,82.78169361,0.4999805
WI,1995,0,swing + nonelection,NA,77.93659696,0.4999805
WI,1996,1,swing + election year,"swing state
(incumbent re-election year)",78.2866983,0.4999805
WI,1997,0,swing + nonelection,NA,81.62007165,0.5351239
WI,1998,0,swing + nonelection,NA,87.05100372,0.5351239
WI,1999,0,swing + nonelection,NA,88.38719007,0.5351239
WI,2000,1,swing + election year,"swing state
(successor election year)",98.07438987,0.5351239
WI,2001,0,swing + nonelection,NA,104.3560137,0.47057074
WI,2002,0,swing + nonelection,NA,116.4228133,0.47057074
WI,2003,0,swing + nonelection,NA,117.9371495,0.47057074
WI,2004,1,swing + election year,"swing state
(incumbent re-election year)",113.2450952,0.47057074
WI,2005,0,swing + nonelection,NA,112.2505617,0.47924644
WI,2006,0,swing + nonelection,NA,103.1796634,0.47924644
WI,2007,0,swing + nonelection,NA,106.5947976,0.47924644
WI,2008,1,swing + election year,"swing state
(successor election year)",114.249141,0.47924644
WV,1984,1,NA,NA,32.5777125,0.51056933
WV,1985,0,NA,NA,30.78178697,0.48277658
WV,1986,0,NA,NA,32.07322561,0.48277658
WV,1987,0,NA,NA,30.92944496,0.48277658
WV,1988,1,NA,NA,28.20199174,0.48277658
WV,1989,0,swing + nonelection,NA,29.93320455,0.50175256
WV,1990,0,swing + nonelection,NA,32.26186645,0.50175256
WV,1991,0,swing + nonelection,NA,39.51583884,0.50175256
WV,1992,1,swing + election year,"swing state
(incumbent re-election year)",48.6794667,0.50175256
WV,1993,0,NA,NA,60.99907347,0.51624435
WV,1994,0,NA,NA,55.69453264,0.51624435
WV,1995,0,NA,NA,60.64614866,0.51624435
WV,1996,1,NA,NA,53.91779629,0.51624435
WV,1997,0,core + nonelection,NA,52.90245706,0.561668
WV,1998,0,core + nonelection,NA,60.80357286,0.561668
WV,1999,0,core + nonelection,NA,59.85498457,0.561668
WV,2000,1,core + election,NA,64.58081682,0.561668
WV,2001,0,NA,NA,67.33781857,0.45706192
WV,2002,0,NA,NA,68.8722544,0.45706192
WV,2003,0,NA,NA,72.04939958,0.45706192
WV,2004,1,NA,NA,72.39307317,0.45706192
WV,2005,0,NA,NA,73.79128556,0.5045571
WV,2006,0,NA,NA,66.91930561,0.5045571
WV,2007,0,NA,NA,69.21991307,0.5045571
WV,2008,1,NA,NA,65.8707264,0.5045571
WY,1984,1,core + election,NA,26.71881864,0.66112566
WY,1985,0,core + nonelection,NA,27.17662485,0.66789144
WY,1986,0,core + nonelection,NA,23.62176578,0.66789144
WY,1987,0,core + nonelection,NA,22.00916546,0.66789144
WY,1988,1,core + election,NA,26.1849323,0.66789144
WY,1989,0,core + nonelection,NA,23.40842269,0.673193
WY,1990,0,core + nonelection,NA,25.18412199,0.673193
WY,1991,0,core + nonelection,NA,25.84239088,0.673193
WY,1992,1,core + election,NA,27.49850767,0.673193
WY,1993,0,NA,NA,30.0870267,0.37794232
WY,1994,0,NA,NA,30.04217579,0.37794232
WY,1995,0,NA,NA,32.60874504,0.37794232
WY,1996,1,NA,NA,28.45962038,0.37794232
WY,1997,0,NA,NA,29.87889132,0.42431727
WY,1998,0,NA,NA,33.84525591,0.42431727
WY,1999,0,NA,NA,38.73944857,0.42431727
WY,2000,1,NA,NA,38.29160043,0.42431727
WY,2001,0,core + nonelection,NA,40.60256478,0.60754085
WY,2002,0,core + nonelection,NA,42.83514182,0.60754085
WY,2003,0,core + nonelection,NA,54.74476035,0.60754085
WY,2004,1,core + election,NA,49.64019746,0.60754085
WY,2005,0,core + nonelection,NA,45.81148231,0.66260976
WY,2006,0,core + nonelection,NA,43.60669839,0.66260976
WY,2007,0,core + nonelection,NA,46.4916594,0.66260976
WY,2008,1,core + election,NA,47.53882643,0.66260976